{"cameraMode":{"drawMode":0,"name":"Shaded","section":"Shading Mode"},"sceneLighting":false,"audioPlay":false,"sceneViewState":{"m_AlwaysRefresh":false,"showFog":true,"showSkybox":true,"showFlares":true,"showImageEffects":true,"showParticleSystems":true,"showVisualEffectGraphs":true,"m_FxEnabled":true},"in2DMode":false,"pivot":{"x":-0.28907203674316409,"y":-0.49045372009277346,"z":0.8681821823120117},"rotation":{"x":-0.11167161911725998,"y":0.8703545331954956,"z":-0.2313557267189026,"w":-0.42010605335235598},"size":3.1773087978363039,"orthographic":false}