{"cameraMode":{"drawMode":0,"name":"Shaded","section":"Shading Mode"},"sceneLighting":false,"audioPlay":false,"sceneViewState":{"m_AlwaysRefresh":false,"showFog":true,"showSkybox":true,"showFlares":true,"showImageEffects":true,"showParticleSystems":true,"showVisualEffectGraphs":true,"m_FxEnabled":true},"in2DMode":false,"pivot":{"x":9.639105796813965,"y":-0.5381941795349121,"z":-8.020865440368653},"rotation":{"x":0.019332969561219217,"y":-0.9694864749908447,"z":-0.08132638782262802,"w":-0.23047170042991639},"size":0.10350813716650009,"orthographic":false}