{"cameraMode":{"drawMode":0,"name":"Shaded","section":"Shading Mode"},"sceneLighting":false,"audioPlay":false,"sceneViewState":{"m_AlwaysRefresh":false,"showFog":true,"showSkybox":true,"showFlares":true,"showImageEffects":true,"showParticleSystems":true,"showVisualEffectGraphs":true,"m_FxEnabled":true},"in2DMode":false,"pivot":{"x":1.1183035373687745,"y":6.0260162353515629,"z":1.132406234741211},"rotation":{"x":-0.004315652884542942,"y":-0.9845473766326904,"z":0.1733761727809906,"w":-0.024514170363545419},"size":12.414529800415039,"orthographic":false}